org,sector,ein,tax_year,total_revenue,total_expenses,contributions,program_revenue,investment_income,salaries_wages,officer_compensation,total_assets_end,total_liabilities_end,net_assets_end,operating_margin,reserve_months,compensation_ratio,contribution_share,program_revenue_share,investment_income_share,leverage,largest_revenue_category_share,revenue_growth_yoy
Candid,Philanthropy Infrastructure,131837418,2011,21653463,21887746,7884538,13249329,419328,10275854,817569,26758155,7946740,18811415,-0.010819655036240624,10.313395449673074,0.5068325902539257,0.3641236507989507,0.6118803722065149,0.019365401275537313,0.2969838540811203,0.6118803722065149,
Candid,Philanthropy Infrastructure,131837418,2012,28482568,22570784,14326112,13612122,379577,9769747,1172437,33493379,7777701,25715678,0.20755797019426056,13.672016709743001,0.48479414804554416,0.5029782426921617,0.47791062940673046,0.013326642457239109,0.23221607470539177,0.5029782426921617,0.3153816551190911
Candid,Philanthropy Infrastructure,131837418,2013,30244244,25008492,15907716,13629131,424982,10508326,998274,41457861,8058413,33399448,0.17311565136162768,16.0262912293952,0.46010771061285904,0.5259749921340404,0.4506355325000023,0.01405166550038414,0.19437599542340112,0.5259749921340404,0.061851024107095975
Candid,Philanthropy Infrastructure,131837418,2014,23529334,25137952,9061221,13669697,490597,10770099,1077068,41125518,8966106,32159412,-0.06836649095125259,15.351805270373656,0.47128608567635105,0.3851031652659612,0.5809640425861607,0.020850441410708864,0.21801806848973915,0.5809640425861607,-0.22202274257541366
Candid,Philanthropy Infrastructure,131837418,2015,25393174,27479009,10017916,14551976,503062,11091404,1270680,45160090,15942214,29217876,-0.08214156292553267,12.759357952100821,0.44987371997294373,0.3945121629930941,0.5730664469120718,0.01981091453947427,0.35301554979186267,0.5730664469120718,0.07921346180049116
Candid,Philanthropy Infrastructure,131837418,2016,24111780,27200603,8687596,14309956,384989,11501211,1797520,40997926,14566158,26431768,-0.1281043124978745,11.660815607653992,0.488913095051606,0.3603050459153161,0.5934840148674216,0.0159668427631639,0.3552901188221082,0.5934840148674216,-0.05046214388165893
Candid,Philanthropy Infrastructure,131837418,2017,24457151,24715888,8611116,14470873,385684,10185251,1267176,42655205,15040768,27614437,-0.010579196244076017,13.407296715375956,0.4633629590812193,0.3520899061382906,0.5916826943579815,0.015769784469172227,0.35261272334759614,0.5916826943579815,0.01432374548871973
Candid,Philanthropy Infrastructure,131837418,2018,29706800,25781921,13834354,15511812,257743,12197687,1137169,45546348,14772793,30773555,0.1321205582560222,14.323318266315377,0.5172173167391212,0.4656965408593319,0.5221636796962311,0.008676229011539445,0.32434637789181253,0.5221636796962311,0.21464679185241153
Candid,Philanthropy Infrastructure,131837418,2019,49123046,37620536,21423009,26928606,422717,16983418,1900888,66130860,20659093,45471767,0.23415710011142224,14.50434422305945,0.5019680208703033,0.4361091329719252,0.5481868123568722,0.008605268492511642,0.31239716223257946,0.5481868123568722,0.6535960116875597
Candid,Philanthropy Infrastructure,131837418,2020,42877589,39439944,12331121,29183548,48030,18255714,2011161,69236438,18796126,50440312,0.08017346777590503,15.346972703612359,0.5138667286140163,0.2875889546867945,0.6806247431496206,0.0011201655951317599,0.27147736860755317,0.6806247431496206,-0.12713904182570435
Candid,Philanthropy Infrastructure,131837418,2021,55202801,43747758,23672424,31034819,1873,19668063,2667941,88006038,21428675,66577363,0.2075083653816769,18.26215542291333,0.5105633984717571,0.42882650103207626,0.56219645448788,3.392943774718968e-05,0.24349096365410747,0.56219645448788,0.2874511437665024
Candid,Philanthropy Infrastructure,131837418,2022,51839195,39889670,7177743,32245979,1068678,17556808,1756676,90918496,31457207,59461289,0.23051139200753407,17.887725518912543,0.48417256898841227,0.13846169872043732,0.6220385752517955,0.020615250680493784,0.34599348189833673,0.6220385752517955,-0.060931799457060176
Candid,Philanthropy Infrastructure,131837418,2023,43212468,36022947,8769879,33025623,1539159,15119026,1377591,100177752,30594864,69582888,0.1663760792371313,23.179520986997538,0.4579474577690715,0.20294788531865388,0.7642614395456423,0.0356184006893566,0.30540577512659695,0.7642614395456423,-0.16641321301382095
Center For Public Integrity,Journalism,541512177,2011,5371676,10076320,5128583,42160,65183,4472248,423765,6220214,1983639,4236575,-0.875824230649801,5.045383632119663,0.48589296489194467,0.9547454090678589,0.007848574634806716,0.012134574013771493,0.318902050636843,0.9547454090678589,
Center For Public Integrity,Journalism,541512177,2012,8998063,7633950,8858926,36128,58502,3473239,206055,6437155,720100,5717055,0.15160073895904042,8.98678403709744,0.4819646447776053,0.9845370053532633,0.004015086358030611,0.0065016215156528685,0.11186618933364195,0.9845370053532633,0.6750941419400573
Center For Public Integrity,Journalism,541512177,2013,7634713,6802136,7464706,52049,57997,3768647,232044,7515156,758969,6756187,0.10905151247990592,11.918938992104835,0.5881521627912173,0.9777323653161553,0.006817414092710492,0.007596487254989153,0.10099178247264594,0.9777323653161553,-0.15151594293127313
Center For Public Integrity,Journalism,541512177,2014,9616998,8413507,9313650,39235,207757,4529685,237944,8650411,863793,7786618,0.12514206616243448,11.105882006159856,0.5666636992160344,0.9684571006461684,0.004079755449673588,0.021603103172112545,0.09985571783814665,0.9684571006461684,0.25964106312837165
Center For Public Integrity,Journalism,541512177,2015,9053974,9653457,8762615,35829,193851,4274943,427565,8424711,1529452,6895259,-0.06621214065779292,8.571344752455001,0.48713201913055604,0.9678197662153658,0.003957267825156114,0.021410598263259868,0.18154355680568746,0.9678197662153658,-0.05854467267228303
Center For Public Integrity,Journalism,541512177,2016,5076178,8019182,4908712,38624,52361,3726075,532243,6041303,1985717,4055586,-0.5797676913614929,6.068827468936358,0.5310165051747173,0.9670094311113597,0.00760887423569465,0.01031504411389829,0.32869018488230106,0.9670094311113597,-0.4393425472615672
Center For Public Integrity,Journalism,541512177,2017,9994978,5208118,9860234,14279,48786,2748138,217464,9530547,444967,9085580,0.47892651689678556,20.934041817024884,0.569419126064348,0.9865188297563036,0.0014286174516842359,0.004881051263944753,0.04668850591681674,0.9865188297563036,0.9689967530689427
Center For Public Integrity,Journalism,541512177,2018,4227953,5954150,4046538,10000,82050,3075621,424796,7992294,893336,7098958,-0.40828197475232103,14.30724721412796,0.5878953335068817,0.957091528690125,0.0023652107769409924,0.019406554424800843,0.1117746669479376,0.957091528690125,-0.576992265515742
Center For Public Integrity,Journalism,541512177,2019,5315614,6416867,5021716,42700,125742,3276444,433027,7320645,1149825,6170820,-0.2071732447088897,11.53987452132014,0.5780813284738486,0.9447104323225878,0.008032938433829092,0.02365521649991892,0.15706607819392962,0.9447104323225878,0.2572547518858417
Center For Public Integrity,Journalism,541512177,2020,7303703,5832747,7136190,35968,101487,3049396,301867,9092782,1601243,7491539,0.2013986603781671,15.41271514091045,0.574559980057424,0.9770646478916243,0.0049246252209324505,0.013895280243460064,0.17610044978533523,0.9770646478916243,0.37400928660357957
Center For Public Integrity,Journalism,541512177,2021,5133204,5489480,4993910,18596,113614,2888275,136302,8532975,1523208,7009767,-0.06940616425920342,15.32334647361863,0.5509769595662977,0.9728641215116329,0.0036226886755328642,0.02213315504312706,0.17850843345960818,0.9728641215116329,-0.29717788360233155
Center For Public Integrity,Journalism,541512177,2022,5025753,5593383,5181020,103931,83711,3109989,317952,7853147,1561247,6291900,-0.11294426924681734,13.49859289092129,0.6128564770193637,1.0308942759423314,0.020679687203091754,0.016656409497243497,0.19880526876677593,1.0308942759423314,-0.020932540378290065
Center For Public Integrity,Journalism,541512177,2023,3834099,6141454,3522492,4073,144780,3370212,334973,5223841,1139532,4084309,-0.6017984929444962,7.980473028048407,0.6033074578104795,0.9187274506996298,0.0010623095543437976,0.0377611532722551,0.2181406363631665,0.9187274506996298,-0.23710954358481207
Charity Navigator,Philanthropy Infrastructure,134148824,2012,1332380,1189957,1128127,169506,34747,241389,496624,2415077,63501,2351576,0.10689367898047104,23.714228329258958,0.620201402235543,0.8467006409582851,0.12722046263078102,0.02607889641093382,0.02629357159212729,0.8467006409582851,
Charity Navigator,Philanthropy Infrastructure,134148824,2013,1620713,1412998,1392363,188078,40272,403919,522084,2654546,84223,2570323,0.12816272837942314,21.828676332167493,0.6553462920683539,0.859105220973732,0.11604645609679197,0.0248483229294761,0.03172783594633508,0.859105220973732,0.21640447920262984
Charity Navigator,Philanthropy Infrastructure,134148824,2014,1808426,1657374,1492273,213802,32069,430313,528026,2852345,131254,2721091,0.08352677964152251,19.701704020939147,0.5782273644934698,0.825177806556641,0.11822546236340331,0.01773310049733857,0.04601617265793584,0.825177806556641,0.11582124657481008
Charity Navigator,Philanthropy Infrastructure,134148824,2015,1762900,1912886,1508754,0,108067,662812,496793,2552851,89378,2463473,-0.08507913097736684,15.453966415144448,0.6062070609539721,0.8558364059220602,0.0,0.06130069771399399,0.03501105234892283,0.8558364059220602,-0.02517437816089796
Charity Navigator,Philanthropy Infrastructure,134148824,2016,1596206,1322378,1522613,0,24795,564568,298479,2828199,124816,2703383,0.17154928624500848,24.532014295458634,0.6526477300741543,0.9538950486340736,0.0,0.015533709308197063,0.04413267948966816,0.9538950486340736,-0.09455669635260078
Charity Navigator,Philanthropy Infrastructure,134148824,2017,3398552,3139597,3307904,0,34180,1449600,423724,3403860,267454,3136406,0.07619568569202413,11.987803530198303,0.5966765798285576,0.9733274641670924,0.0,0.010057224370849703,0.07857373687519463,0.9733274641670924,1.1291437320746822
Charity Navigator,Philanthropy Infrastructure,134148824,2018,3915429,3521729,3740266,0,54077,1172462,592845,3824950,299973,3524977,0.10055092302784702,12.011067291094799,0.5012614542459116,0.9552633951477603,0.0,0.013811257974541231,0.07842533889331886,0.9552633951477603,0.15208741840642714
Charity Navigator,Philanthropy Infrastructure,134148824,2019,3726534,3780052,3494517,0,77319,1190337,421643,3686007,261193,3424814,-0.014361334151251539,10.872275831126133,0.4264438690261404,0.9377391967978824,0.0,0.02074823415001715,0.07086069017231926,0.9377391967978824,-0.048243755665088095
Charity Navigator,Philanthropy Infrastructure,134148824,2020,4105726,3753674,3866139,0,61731,1244101,691618,4278059,611277,3666782,0.08574658903200068,11.722217752527257,0.5156864980816128,0.9416456431822289,0.0,0.015035343322959204,0.14288652868041324,0.9416456431822289,0.10175460629099309
Charity Navigator,Philanthropy Infrastructure,134148824,2021,5855509,4183209,5583628,0,68456,1660348,825569,6212155,446661,5765494,0.2855943010248981,16.538960400974467,0.5942607696627159,0.9535683405148895,0.0,0.0116908709388031,0.07190113575723722,0.9535683405148895,0.4261811431157365
Charity Navigator,Philanthropy Infrastructure,134148824,2022,14269364,6957088,13094354,0,409819,1932660,1157566,11779343,796613,10982730,0.512445824495051,18.94366723548703,0.4441838309361618,0.9176550545630485,0.0,0.028720200844270283,0.06762796532879635,0.9176550545630485,1.4369126578065203
Charity Navigator,Philanthropy Infrastructure,134148824,2023,4237155,8354061,5488989,0,139002,2413868,1152157,9521081,742936,8778145,-0.9716203443112182,12.609165769797468,0.4268612594521395,1.2954421067909954,0.0,0.03280550274889637,0.07803063538688516,1.2954421067909954,-0.7030592954247996
Coalition For The Homeless Inc,Human Services,133072967,2011,9789348,9854716,9170833,0,1694,2814058,771393,21134212,796711,20337501,-0.006677462074082973,24.76479403363831,0.3638309820394621,0.9368175490339091,0.0,0.0001730452324301884,0.03769769130734565,0.9368175490339091,
Coalition For The Homeless Inc,Human Services,133072967,2012,9106612,9645485,8321719,0,7514,2870258,821032,20492367,693739,19798628,-0.05917381788089797,24.63158006051536,0.3826961526558799,0.9138106465939254,0.0,0.0008251147627679756,0.033853531902878764,0.9138106465939254,-0.06974274486921905
Coalition For The Homeless Inc,Human Services,133072967,2013,9742628,10301408,8910550,0,2933,3105514,761506,19290059,620506,18669553,-0.05735413483918302,21.747962608606514,0.3753875198419478,0.9145940910399124,0.0,0.00030104813608812736,0.03216713852456335,0.9145940910399124,0.0698411220330899
Coalition For The Homeless Inc,Human Services,133072967,2014,10857685,10755941,9385148,0,1814,2631742,1286830,19089087,317790,18771297,0.009370689976730767,20.942432094039937,0.36431698537580304,0.8643783642645739,0.0,0.00016707060482966672,0.01664773176422738,0.8643783642645739,0.11445135747767443
Coalition For The Homeless Inc,Human Services,133072967,2015,10260388,10953380,9647250,0,3295,3503015,885333,18486017,407712,18078305,-0.06754052575789532,19.80572754711331,0.40063870695620896,0.9402422208594841,0.0,0.0003211379530676618,0.022055156608370534,0.9402422208594841,-0.055011450415074714
Coalition For The Homeless Inc,Human Services,133072967,2016,11640214,11286538,11106347,0,309,3526862,952150,18827388,395407,18431981,0.030383977476702746,19.597131733397788,0.3968455163133283,0.9541359806615239,0.0,2.654590370933043e-05,0.021001691790704054,0.9541359806615239,0.13448087928058872
Coalition For The Homeless Inc,Human Services,133072967,2017,11067902,11680807,10281353,0,265,3971753,912116,19395396,1654615,17740781,-0.0553768004089664,18.225570544911836,0.41811058088709113,0.9289342280045486,0.0,2.3943110446767598e-05,0.08530967864744808,0.9289342280045486,-0.04916679366891363
Coalition For The Homeless Inc,Human Services,133072967,2018,11941883,11978311,11007383,37233,42,3661087,1092803,18378005,710436,17667569,-0.003050440202772042,17.69955947879463,0.39687481816092435,0.9217460094023698,0.0031178500074067047,3.517033285286751e-06,0.038656861830214974,0.9217460094023698,0.07896537211840138
Coalition For The Homeless Inc,Human Services,133072967,2019,16378094,12606593,16029742,37323,183,3772706,974806,22129975,690934,21439041,0.23027716167705473,20.40745600337855,0.37658961465639446,0.978730614197232,0.002278836597225538,1.1173461331947417e-05,0.031221634909212505,0.978730614197232,0.37148337494179096
Coalition For The Homeless Inc,Human Services,133072967,2020,18410069,14164233,17626824,36609,14915,4084557,988493,27627320,1935480,25691840,0.23062575159278328,21.76623894848383,0.35815917459138097,0.9574556184444502,0.0019885313846460867,0.000810154486656188,0.07005674093614582,0.9574556184444502,0.12406663437149645
Coalition For The Homeless Inc,Human Services,133072967,2021,20890216,15493478,18807072,32484,77038,4909564,1011750,35067350,3677003,31390347,0.25833806601138065,24.312434173914983,0.3821810699960332,0.9002813565929619,0.0015549863151247455,0.003687755071560773,0.1048554567140089,0.9002813565929619,0.13471687694380718
Coalition For The Homeless Inc,Human Services,133072967,2022,27848334,16072758,25717260,29887,273761,4963926,996058,43159669,1057710,42101959,0.4228466952457551,31.433529205130817,0.3708127752561197,0.9234757095343656,0.001073206030924507,0.00983042648080851,0.024506907131284998,0.9234757095343656,0.3330802323920441
Coalition For The Homeless Inc,Human Services,133072967,2023,18883961,17363117,17046444,127096,496248,5460349,1195464,45019993,1459960,43560033,0.08053628155660775,30.105216476972423,0.38333053909617726,0.9026943023235432,0.0067303676384419565,0.026278808773222948,0.03242914764558049,0.9026943023235432,-0.32189979479562403
Donorschoose Org,Education,134129457,2011,32759595,33253647,32681400,0,78195,2919375,797714,17755677,1447939,16307738,-0.015081138823602673,5.88485395301153,0.11177988988696488,0.9976130657292924,0.0,0.002386934270707559,0.08154794660885079,0.9976130657292924,
Donorschoose Org,Education,134129457,2012,41207544,36277463,41145968,0,61576,2784676,1164173,23256651,2017603,21239048,0.11964025325071545,7.025534723858722,0.1088512997725337,0.9985057105077653,0.0,0.0014942894922347228,0.08675380647024372,0.9985057105077653,0.2578770891398383
Donorschoose Org,Education,134129457,2013,52541313,41506209,52474931,0,66382,3048750,1343548,33632154,1343929,32288225,0.2100271837515747,9.334957572251419,0.10582267342218607,0.9987365751594369,0.0,0.0012634248405630822,0.03995964694976123,0.9987365751594369,0.27504111868448167
Donorschoose Org,Education,134129457,2014,60923146,59283940,60854821,0,68325,3615402,1428175,35796219,1319724,34476495,0.026906128583707743,6.978583744602671,0.08507492923041216,0.9988785050594728,0.0,0.0011214949405272013,0.036867692646533425,0.9988785050594728,0.1595284267068089
Donorschoose Org,Education,134129457,2015,77548764,77873828,77378201,0,166706,4232575,1472476,35519312,1200811,34318501,-0.004191736698730621,5.288323722830217,0.07326018441009476,0.997800571005877,0.0,0.0021496925470017806,0.03380727081650681,0.997800571005877,0.2728949355307424
Donorschoose Org,Education,134129457,2016,107590375,100593437,107473914,0,127920,5357515,1684786,43116641,1929360,41187281,0.06503312215428192,4.9133162832481805,0.07000755924066895,0.998917551872089,0.0,0.001188953937561794,0.04474745609241685,0.998917551872089,0.3873899395740208
Donorschoose Org,Education,134129457,2017,121428211,102666357,121005009,0,150104,6181808,1476131,61791080,1206318,60584762,0.15450984450392669,7.081357177210447,0.07459053991757007,0.9965147967139202,0.0,0.00123615425743199,0.019522526552376167,0.9965147967139202,0.12861592870180072
Donorschoose Org,Education,134129457,2018,148898109,138464555,149840171,0,304188,7710187,1570141,75778378,4138307,71640071,0.07007176968244774,6.20867089053946,0.06702313093773349,1.0063268902897886,0.0,0.0020429272207882774,0.05461065688157115,1.0063268902897886,0.22622336089592876
Donorschoose Org,Education,134129457,2019,150006093,130809189,148408048,0,811023,8191747,1712980,93480134,3004351,90475783,0.12797416168955217,8.299947460113065,0.07571889311231797,0.9893467993996751,0.0,0.005406600383892407,0.032138924832949,0.9893467993996751,0.0074412227760394245
Donorschoose Org,Education,134129457,2020,148898158,139795291,147777790,0,1055892,8587158,1664041,102485809,3065455,99420354,0.061134852991264005,8.53422343103102,0.07333007375763466,0.9924756087311705,0.0,0.007091370465442561,0.029911019192910893,0.9924756087311705,-0.007385933316721993
Donorschoose Org,Education,134129457,2021,158050126,139500343,157631539,0,288086,9203897,1612009,123689070,3816355,119872715,0.11736645499415799,10.311606043864709,0.07753318570693407,0.9973515554172985,0.0,0.0018227508404517186,0.030854423919591277,0.9973515554172985,0.06146461529765879
Donorschoose Org,Education,134129457,2022,187317028,175623030,186858690,0,514450,11019181,2155512,131250039,2368474,128881565,0.06242891062738835,8.80624129990241,0.07501688702216332,0.9975531428995339,0.0,0.0027464134227028203,0.018045510828381545,0.9975531428995339,0.18517480966766198
Feeding America,Human Services,363673599,2012,1554156485,1559486335,1510622608,24312736,381226,16998032,2518968,62576375,19809724,42766651,-0.0034294165686925664,0.3290825962896302,0.012515018286453917,0.9719887428195495,0.015643685970270875,0.0002452944756074547,0.3165687370033819,0.9719887428195495,
Feeding America,Human Services,363673599,2013,1893358627,1886998720,1855398787,18964585,376537,17232872,2837929,71964420,22759130,49205290,0.0033590609350523217,0.31291143642111213,0.010636361745915758,0.9799510565728655,0.010016372349938329,0.00019887251925252932,0.31625531061043777,0.9799510565728655,0.21825481878679676
Feeding America,Human Services,363673599,2014,2060362627,2041987389,2016270036,19308483,396403,17295084,3282418,86540942,19684709,66856233,0.008918448509598208,0.392889202118378,0.010077193478690969,0.9785995967786499,0.00937140032874417,0.00019239477303914423,0.2274612286979728,0.9785995967786499,0.08820515966624631
Feeding America,Human Services,363673599,2015,2200852165,2184632163,2149634703,21540597,496098,19495923,3328940,109025819,26879369,82146450,0.007369873478076162,0.45122351336543975,0.010447920426410018,0.9767283496754086,0.009787389331531952,0.0002254117781691166,0.2465413169700656,0.9767283496754086,0.06818680175953307
Feeding America,Human Services,363673599,2016,2437618536,2423837553,2375635807,24070602,511301,20996336,3339573,111828311,16061646,95766665,0.0056534616866730295,0.47412417493805536,0.010040239276711957,0.9745724246494654,0.009874638564038226,0.00020975431243602915,0.1436277258984981,0.9745724246494654,0.10757940708843572
Feeding America,Human Services,363673599,2017,2717127060,2684820721,2654090409,22773762,746461,22798231,3108254,145276548,16277534,128999014,0.011889888947629854,0.5765704040839753,0.009649242050825188,0.9768002564443932,0.008381559454933992,0.0002747243627245021,0.11204515955321295,0.9768002564443932,0.11466458753577502
Feeding America,Human Services,363673599,2018,2827633478,2826138224,2754138903,23606999,1235529,24430857,4024835,148826212,18181684,130644528,0.0005288005010669208,0.5547267018600007,0.010068754513968882,0.9740084506808205,0.008348677147753022,0.0004369480732254932,0.12216721608153273,0.9740084506808205,0.04067031668368126
Feeding America,Human Services,363673599,2019,2831620652,2823972605,2756779556,22629765,2030183,23685457,5609967,156975013,18664170,138310843,0.0027009433606857308,0.5877288303227007,0.010373834345322908,0.973569518944164,0.00799180673584097,0.0007169685665931497,0.11889898680881142,0.973569518944164,0.0014100745485656763
Feeding America,Human Services,363673599,2020,3571430346,3309075710,3478482753,20326823,1930894,28973099,4398170,432594156,32638854,399955302,0.0734592615795621,1.450394020752097,0.010084770469032273,0.9739746868914576,0.005691507612003698,0.0005406500513618024,0.07544913297441772,0.9739746868914576,0.26126723347545355
Feeding America,Human Services,363673599,2021,4065318094,3902891407,3916234028,28800662,1689896,31899563,5856188,603767243,38690535,565076708,0.03995423808034245,1.7374094713058463,0.009673789778594268,0.9633278226813216,0.007084479328322887,0.00041568604496020035,0.06408187169571239,0.9633278226813216,0.13828850072720966
Feeding America,Human Services,363673599,2022,4267241782,4231609823,4152230760,47679794,1577662,36080997,5987410,644823513,66462841,578360672,0.008350114856463505,1.6401153117372371,0.009941466429949726,0.9730479246605764,0.01117344562033537,0.00036971469642401437,0.10307136706412255,0.9730479246605764,0.049669837225780444
Feeding America,Human Services,363673599,2023,4916912461,4933690967,4752844795,101808893,5023114,42446480,7068165,626129732,62229963,563899769,-0.003412406898248417,1.3715486586535528,0.01003602482019827,0.9666319733569891,0.02070585836285036,0.0010215992332266173,0.0993882893904805,0.9666319733569891,0.15224604374198547
Givedirectly Inc,Human Services,271661997,2011,191979,25242,0,0,0,0,0,205812,0,0,0.8685168690325504,0.0,0.0,0.0,0.0,0.0,0.0,0.0,
Givedirectly Inc,Human Services,271661997,2012,504062,527729,504062,0,0,0,0,329532,147214,182318,-0.04695255742349155,4.145718730636369,0.0,1.0,0.0,0.0,0.4467365840039814,1.0,1.6256100927705632
Givedirectly Inc,Human Services,271661997,2013,5424136,2466930,5404686,0,1000,138425,0,4406460,1266936,3139524,0.5451939258160193,15.271729639673602,0.05611225288111134,0.9964141754557777,0.0,0.00018436115908598163,0.28751787148867797,0.9964141754557777,9.760850847713177
Givedirectly Inc,Human Services,271661997,2014,14756596,6282510,14489804,0,15968,188472,66449,26674246,5779468,20894778,0.5742575049150902,39.91037594846646,0.04057629832662423,0.9819204916906311,0.0,0.0010820923741491602,0.21666846740485185,0.9819204916906311,1.7205431427235602
Givedirectly Inc,Human Services,271661997,2014,17397028,8115860,17351471,0,13692,429258,33224,15494593,3073901,12420692,0.5334915825852554,18.365065932630678,0.05698496524089868,0.997381334329059,0.0,0.0007870309802340952,0.19838539805466332,0.997381334329059,0.17893232287446237
Givedirectly Inc,Human Services,271661997,2015,51174550,16764433,50462033,0,235135,883090,87167,62721407,7660089,55061318,0.6724068311299269,39.41295336382686,0.05787592100490366,0.9860767315003258,0.0,0.004594764389721062,0.12212878132660512,0.9860767315003258,1.9415685253826114
Givedirectly Inc,Human Services,271661997,2016,47321209,37441213,45118192,0,643608,2236688,411761,76381373,10663431,65717942,0.2087857898981406,21.06276054678036,0.07073619650089862,0.9534454624775119,0.0,0.013600835938067431,0.13960774179851415,0.9534454624775119,-0.07529799480405786
Givedirectly Inc,Human Services,271661997,2017,51477007,38515235,50505598,0,485681,2619110,581009,84710648,5936017,78774631,0.25179731214753803,24.543419558520156,0.08308709527541504,0.9811292641780824,0.0,0.009434911396460948,0.07007403602909519,0.9811292641780824,0.08782104447077832
Givedirectly Inc,Human Services,271661997,2018,55132520,69036299,52904845,0,1703307,3395136,561925,87072544,22229584,64842960,-0.2521883454628956,11.271107102656241,0.05731855643072639,0.959594174182497,0.0,0.03089477861704852,0.25529958100225025,0.959594174182497,0.07101253963735688
Givedirectly Inc,Human Services,271661997,2019,45195802,44581089,42143391,0,2288581,4561910,857013,87939598,21959482,65980116,0.01360110835072691,17.760028069300866,0.12155205540178707,0.9324625105668,0.0,0.05063702597865173,0.24971096638399462,0.9324625105668,-0.18023333596940605
Givedirectly Inc,Human Services,271661997,2020,306474046,229810731,303155869,0,2078066,9407634,739729,184296382,41253904,143042478,0.2501461901932146,7.469232304909208,0.04415530534994904,0.9891730570881686,0.0,0.006780561118053044,0.22384543609760066,0.9891730570881686,5.781029043361151
Givedirectly Inc,Human Services,271661997,2021,254085265,196851536,249227004,0,2072199,15521145,801076,268742761,66852250,201890511,0.22525402643872325,12.307174133505365,0.08291640152607191,0.9808794067613484,0.0,0.008155526059332879,0.2487592586726457,0.9808794067613484,-0.17094035101425853
Givedirectly Inc,Human Services,271661997,2022,175713344,261307795,168006805,0,1929056,21668596,1485508,240039533,126223824,113815709,-0.48712550254578274,5.22674230977304,0.08860854686711508,0.9561414129139788,0.0,0.010978426316899416,0.5258459822116052,0.9561414129139788,-0.30844732771103434
Givedirectly Inc,Human Services,271661997,2023,140343295,130260291,125494389,0,1898517,24719567,1598399,203098602,79756067,123342535,0.07184528480680177,11.362713906419877,0.2020413573312223,0.894195828878038,0.0,0.013527664431706552,0.39269628749094,0.894195828878038,-0.20129404059375255
International Rescue Committee Inc,Human Services,135660870,2011,397873717,386464097,388492046,0,1392264,127717509,2455372,195269065,66163075,129105990,0.02867648581069757,4.008837798974118,0.3368304637105785,0.9764204806722632,0.0,0.003499261048198366,0.33883029552069605,0.9764204806722632,
International Rescue Committee Inc,Human Services,135660870,2012,386540097,398552495,380496906,0,1515190,145062642,2928059,197925719,70606078,127319641,-0.031076719060273844,3.8334616171453146,0.3713204731035494,0.9843659401782578,0.0,0.003919877942184094,0.35673018320575106,0.9843659401782578,-0.028485470428799342
International Rescue Committee Inc,Human Services,135660870,2013,456122865,455275493,451017146,15431,1585738,160990286,2186593,215699151,75609701,140089450,0.0018577713704398485,3.6924311232364095,0.35841349141101253,0.9888062638561214,3.383079688408078e-05,0.0034765588872638516,0.3505331414123183,0.9888062638561214,0.18001435954521416
International Rescue Committee Inc,Human Services,135660870,2014,562021607,552663225,556933821,47554,1505164,183673314,2105183,245587760,90531220,155056540,0.01665128508128692,3.366749216939484,0.3361513641512876,0.9909473480438626,8.461240530206163e-05,0.002678124793162979,0.3686308307873324,0.9909473480438626,0.23217152685384446
International Rescue Committee Inc,Human Services,135660870,2015,688920920,673939914,682277233,376,1796887,224937586,2105183,270142599,108369057,161773542,0.02174561051216154,2.8804978955438454,0.3368887407965571,0.9903563866227201,5.457810745535206e-07,0.002608263079019287,0.4011550099878916,0.9903563866227201,0.22579080843060906
International Rescue Committee Inc,Human Services,135660870,2016,736803408,726228064,730809685,0,1843425,243537876,3832103,286756903,110922393,175834510,0.01435300635851565,2.9054428279433715,0.3406229960840511,0.9918652344235628,0.0,0.0025019224666778415,0.38681681884393904,0.9918652344235628,0.06950360572589376
International Rescue Committee Inc,Human Services,135660870,2017,727824514,694099188,710339839,9596011,2456256,255266912,3121968,374727943,160668495,214059448,0.04633716692867534,3.700787179137285,0.3722650659548099,0.97597679844018,0.013184511946790515,0.0033747915228917393,0.428760379366745,0.97597679844018,-0.012186281852811454
International Rescue Committee Inc,Human Services,135660870,2018,729556526,729661667,711075998,9354711,2739422,292954906,3027708,371224556,148791599,222432957,-0.00014411631758880325,3.658127601761489,0.40564363921833924,0.9746688195617621,0.01282246223098003,0.003754913981812562,0.4008129219770688,0.9746688195617621,0.002379710997203466
International Rescue Committee Inc,Human Services,135660870,2019,785361499,775058854,764828594,10806614,3619131,302720247,3321814,385105469,160830182,224275287,0.013118347427418263,3.4723859099350407,0.39486299578483364,0.9738554728922356,0.013760050643888262,0.004608235831025886,0.41762632563392654,0.9738554728922356,0.07649163705788031
International Rescue Committee Inc,Human Services,135660870,2020,805275159,786681968,785978272,11844760,2182554,320001926,3659704,418242328,175878140,242364188,0.023089239488138735,3.6970089239416764,0.41142627283405586,0.9760369026855825,0.014708959872435355,0.002710320783656509,0.4205173131113597,0.9760369026855825,0.025356043077431334
International Rescue Committee Inc,Human Services,135660870,2021,950664386,904147041,924498780,18036305,2277035,341623230,3284493,527551484,223244694,304306790,0.048931405956760016,4.038813726538535,0.3814730429450136,0.9724765054993866,0.01897231585153754,0.0023952038527295795,0.42317138851987385,0.9724765054993866,0.18054602253041807
International Rescue Committee Inc,Human Services,135660870,2022,1373898628,1270160699,1355187734,12421917,2472241,424375848,3196731,584265431,248410266,335855165,0.07550624688446811,3.173033131298294,0.33662872685056994,0.9863811684365406,0.00904136356703604,0.001799434797892527,0.42516680402404294,0.9863811684365406,0.44519837729568645
International Rescue Committee Inc,Human Services,135660870,2023,1341268864,1428761701,1297583900,16615924,4046368,512331886,3931525,629978674,348949775,281028899,-0.06523139345759092,2.3603283778111295,0.36133626107045264,0.9674301214525174,0.012388212718550068,0.0030168209436642825,0.5539072819471346,0.9674301214525174,-0.023749760961257804
Khan Academy Inc,Education,261544963,2010,1825721,236576,1800858,2700,250,7570,120833,1622921,16528,1606393,0.8704205078432028,81.48212836466928,0.5427558163127283,0.9863818184706207,0.0014788678007209206,0.00013693220377045562,0.010184106312013955,0.9863818184706207,
Khan Academy Inc,Education,261544963,2011,11845812,2953145,11795044,0,2044,1291859,730850,11734851,158022,11576829,0.7507013449141351,47.0420341703506,0.6849338586489996,0.9957142659363495,0.0,0.00017255043385797444,0.013466042304243999,0.9957142659363495,5.488292570442034
Khan Academy Inc,Education,261544963,2012,15794916,7289182,15217920,557962,477,2730225,2472736,21614780,1530825,20083955,0.538510872739051,33.06371826084189,0.71379216488215,0.9634695113288352,0.03532541736847477,3.019959080504132e-05,0.07082306643879789,0.9634695113288352,0.3333755423435725
Khan Academy Inc,Education,261544963,2013,34006532,11300906,29580755,4390785,984,5613421,1502900,44448296,1670231,42778065,0.667684255483623,45.42439163727227,0.6297124319059021,0.869855091368917,0.12911592984547793,2.8935617427851803e-05,0.037576941082285806,0.869855091368917,1.1530049289277637
Khan Academy Inc,Education,261544963,2014,33663239,19103502,29695052,3969252,7980,8370304,2488308,60627140,3275513,57351627,0.4325114704500063,36.02583044721329,0.5684094989494596,0.8821210579290959,0.11791057895528116,0.0002370538378674732,0.05402717330885145,0.8821210579290959,-0.010094913530141802
Khan Academy Inc,Education,261544963,2015,27945225,24113592,24353123,3543176,16175,11139820,2817396,65124962,4001430,61123532,0.13711226157599377,30.417798559418273,0.5788111534772588,0.8714591848875792,0.1267900330020603,0.0005788108701933872,0.06144233911414797,0.8714591848875792,-0.16985929369422825
Khan Academy Inc,Education,261544963,2016,44823044,29353552,36347249,8346429,102791,14816222,2012758,84826844,8147052,76679792,0.3451236377431216,31.347398911041495,0.573320053395923,0.810905412849694,0.18620843778481444,0.0022932623674554544,0.09604332326686585,0.810905412849694,0.603960748213693
Khan Academy Inc,Education,261544963,2017,52809375,37495508,42784250,9383997,595783,20734117,2221825,101492821,9774478,91718343,0.2899838712349843,29.353385904252853,0.6122317905387493,0.8101639150245576,0.1776956648322386,0.01128176578495769,0.09630708757223332,0.8101639150245576,0.17817466836924334
Khan Academy Inc,Education,261544963,2018,42742920,48863733,31433356,10327301,963868,26496669,2510760,97940308,12370094,85570214,-0.14320062831458402,21.014410994755558,0.5936392334167346,0.7354049746718286,0.24161430711799756,0.022550354538248673,0.12630238001702015,0.7354049746718286,-0.19061871116634121
Khan Academy Inc,Education,261544963,2019,46244725,54324592,27629684,17240125,1313365,28530287,3279488,86675767,8822913,77852854,-0.17471975452335375,17.197262116575125,0.58555018692087,0.5974667164741492,0.37280197903652795,0.02840032025274234,0.10179215374004132,0.5974667164741492,0.08192713553496112
Khan Academy Inc,Education,261544963,2020,79340879,56776201,65711147,12611627,902990,31724942,3412088,115080607,14355478,100725129,0.28440166386359295,21.288876795402356,0.6188689870250389,0.8282129947161286,0.15895496948048685,0.011381144390900938,0.12474280744800034,0.8282129947161286,0.7156741444564758
Khan Academy Inc,Education,261544963,2021,59263743,53879015,48693146,9355361,1221511,29332523,3750144,115035528,9272154,105763374,0.09086041021742416,23.555747780467033,0.6140176653192342,0.8216346713031608,0.15785977271128487,0.020611438599144844,0.08060252481302993,0.8216346713031608,-0.25304907448781855
Khan Academy Inc,Education,261544963,2022,53234817,58157502,39984004,12923384,1382302,32419632,4309027,105255724,11532697,93723027,-0.092471154733189,19.33845652449103,0.6315377679048182,0.7510874696911234,0.24276187518405482,0.025966126642268723,0.10956835943668014,0.7510874696911234,-0.10173042900783369
Khan Academy Inc,Education,261544963,2023,98267721,68127201,84189187,12064239,2810406,37104487,5786200,136250357,7728577,128521780,0.30671841875726413,22.637967469117072,0.6295677258192363,0.8567328736564471,0.12276909322034649,0.02859948283526388,0.05672335229184023,0.8567328736564471,0.8459295351761986
Kiva Microfunds,Financial Inclusion,710992446,2011,12058555,10119132,11959428,0,95691,2877212,1531837,13741424,721331,13020093,0.1608337814937196,15.440169769501969,0.4357141501860041,0.9917795291392708,0.0,0.007935527930170739,0.0524931768352392,0.9917795291392708,
Kiva Microfunds,Financial Inclusion,710992446,2012,15632786,12482528,15555107,0,76774,4047098,1629746,17195184,946546,16248638,0.20151609572343662,15.620526226738686,0.45478319776250453,0.9950310200625787,0.0,0.004911088784814172,0.055047157390115745,0.9950310200625787,0.29640624436344165
Kiva Microfunds,Financial Inclusion,710992446,2013,20787434,14795733,20468745,240137,82029,4306972,2321747,23251120,1092867,22158253,0.2882366818338425,17.971332410499702,0.4480155866559636,0.9846691515653159,0.011552027056345676,0.003946085890158449,0.04700276803870093,0.9846691515653159,0.3297331646451247
Kiva Microfunds,Financial Inclusion,710992446,2014,16628214,15274691,16402028,149745,68509,4844181,2210742,24753734,1211161,23542573,0.08139918093428435,18.49535784390008,0.46187009609556096,0.98639745675633,0.009005477076491799,0.004120045604416686,0.048928416213893225,0.98639745675633,-0.20008337729418646
Kiva Microfunds,Financial Inclusion,710992446,2015,19847885,15915830,19779764,0,47115,4582468,2693134,28633236,1243397,27389839,0.1981095214930961,20.65101650369475,0.45712991405412096,0.9965678458939076,0.0,0.0023738045640631232,0.04342495553069866,0.9965678458939076,0.19362698844265536
Kiva Microfunds,Financial Inclusion,710992446,2016,17219880,16895877,17070812,0,116184,6334843,2032114,39766482,12069603,27696879,0.01881563634589788,19.67122203837066,0.49520702595076893,0.9913432613932269,0.0,0.006747085345542477,0.3035119626624251,0.9913432613932269,-0.13240730687425895
Kiva Microfunds,Financial Inclusion,710992446,2017,17711126,17714851,17394640,0,258829,6626792,2004966,40525883,12860844,27665039,-0.00021031977300596248,18.74023484589286,0.48726111215950957,0.9821306674685731,0.0,0.014613921215398727,0.31734889033756525,0.9821306674685731,0.028527841076708915
Kiva Microfunds,Financial Inclusion,710992446,2018,23183659,18715309,23064341,0,71419,6052071,2576135,46231095,14089517,32141578,0.19273704810789358,20.608739935846103,0.46102396706354143,0.994853357703372,0.0,0.0030805749860278744,0.30476277925063205,0.994853357703372,0.30898842908124524
Kiva Microfunds,Financial Inclusion,710992446,2019,19945312,26934227,19712505,0,196160,8169520,2848593,29265474,4217848,25047626,-0.3504038944088716,11.159463087617105,0.4090747805756594,0.9883277333540834,0.0,0.0098348925301344,0.14412368649829488,0.9883277333540834,-0.13968230812918703
Kiva Microfunds,Financial Inclusion,710992446,2020,38603028,30902781,38319210,0,251904,9932879,3797648,38469820,5722778,32747042,0.19947261650044654,12.716153410270746,0.4443136363681961,0.99264777882191,0.0,0.006525498466078879,0.14876019695439177,0.99264777882191,0.9354436771909109
Kiva Microfunds,Financial Inclusion,710992446,2021,42407113,35400319,39005595,0,3389871,12523099,3696738,245372729,205623286,39749443,0.16522685710767437,13.474266036981192,0.4581833570482797,0.919788975024072,0.0,0.07993637765438076,0.8380038272305314,0.919788975024072,0.09854369455162937
Kiva Microfunds,Financial Inclusion,710992446,2022,14808996,21067658,13996171,0,779772,7401976,1265601,253233825,219746998,33486827,-0.42262567968821113,19.07387731469725,0.41141625708942114,0.9451127544365601,0.0,0.05265529141881057,0.867763214491587,0.9451127544365601,-0.6507898097189497
Kiva Microfunds,Financial Inclusion,710992446,2023,34727565,37635582,28358806,1112794,4083220,11364462,2899440,238841357,208098900,30742457,-0.08373800466574607,9.80214638370678,0.37900043634239533,0.8166079597000251,0.032043536596936754,0.11757864393889983,0.8712850346098142,0.8166079597000251,1.3450316955990806
Marshall Project Inc,Journalism,464353634,2014,5139255,2441764,5139255,0,0,1294099,295576,2728362,30871,2697491,0.5248797734301957,13.256765191066785,0.6510354809064267,1.0,0.0,0.0,0.01131484751656855,1.0,
Marshall Project Inc,Journalism,464353634,2015,4804989,4192416,4772352,0,1020,1894155,844301,3435433,125369,3310064,0.12748686833622302,9.474433834810286,0.6531928129269614,0.9932076847626499,0.0,0.00021227936213797784,0.036492925345946205,0.9932076847626499,-0.065041722973466
Marshall Project Inc,Journalism,464353634,2016,4567140,4520695,4425256,0,1213,0,1061896,3469958,113449,3356509,0.01016938390327426,8.909715873333637,0.23489662540826134,0.9689337309563534,0.0,0.0002655929093480822,0.03269463203877396,0.9689337309563534,-0.04950042549525091
Marshall Project Inc,Journalism,464353634,2017,5918015,4588892,5873737,0,4077,1991057,829610,4758220,72588,4685632,0.22458932598176923,12.25297609967722,0.6146727793985999,0.9925180993965037,0.0,0.0006889134278976988,0.015255284539176414,0.9925180993965037,0.29578138616289396
Marshall Project Inc,Journalism,464353634,2018,4119625,3061533,3876162,0,7297,1262893,443825,5874712,130988,5743724,0.2568418241951634,22.513129206838535,0.5574716980022754,0.9409016597384471,0.0,0.0017712777255211335,0.022296922810854387,0.9409016597384471,-0.30388398812777595
Marshall Project Inc,Journalism,464353634,2019,8684091,7178249,8392154,224790,59883,2997937,948266,7435464,185898,7249566,0.17340237452601545,12.119221832510965,0.5497445129027985,0.966382549422847,0.025885265366288768,0.006895713091905647,0.025001533192817556,0.966382549422847,1.1079809448675548
Marshall Project Inc,Journalism,464353634,2020,12290756,7576984,12229099,15746,45431,3129034,1469345,12758308,794970,11963338,0.3835217296641476,18.946860122708454,0.6068877801510469,0.9949834656224564,0.001281125424668751,0.0036963552119983504,0.06230998655934627,0.9949834656224564,0.41531865568889126
Marshall Project Inc,Journalism,464353634,2021,10911571,8682199,10870812,36062,4688,4038139,1384419,14225251,32541,14192710,0.20431265122135026,19.616288454111682,0.6245604368202111,0.99626460754368,0.0033049319845877374,0.0004296356592465008,0.002287551903302093,0.99626460754368,-0.1122131950223404
Marshall Project Inc,Journalism,464353634,2022,15174508,10828400,15103214,20216,18569,5189912,1434211,18747646,208828,18538818,0.2864084950892642,20.54466181522663,0.6117360828931329,0.9953017257627068,0.0013322342971515122,0.0012236970055305911,0.011138891784067184,0.9953017257627068,0.39068040706512375
Marshall Project Inc,Journalism,464353634,2023,14495664,13892550,13999252,46859,423203,6560479,2193598,19267720,125788,19141932,0.041606510746937844,16.53427081421337,0.6301274424061817,0.9657544490545587,0.003232621837813018,0.02919514414793279,0.0065284320095994755,0.9657544490545587,-0.04473581614639499
Natural Resources Defense Council Inc,Environment,132654926,2011,97057964,98131710,90868193,4390776,696553,34378747,1261882,248951243,51538183,197413060,-0.011062935546432852,24.14058330380669,0.363191765434435,0.9362260370514263,0.045238698804767837,0.007176670221518349,0.20702119169575706,0.9362260370514263,
Natural Resources Defense Council Inc,Environment,132654926,2012,98701707,104264845,92736241,1671617,1742327,37296998,1340782,241823296,58983300,182839996,-0.056363138684116174,21.043333944437357,0.37057341810655353,0.9395606602832107,0.016936049545728728,0.017652450529553658,0.24391074381849465,0.9395606602832107,0.016935683917705058
Natural Resources Defense Council Inc,Environment,132654926,2013,115962571,102445255,110866444,1286887,2868954,38168311,2715963,268165564,58992258,209173306,0.11656619789845811,24.501668447211145,0.3990841157064815,0.956053690806838,0.011097434188484835,0.02474034488248799,0.21998446452281994,0.956053690806838,0.17487908289164644
Natural Resources Defense Council Inc,Environment,132654926,2014,121617764,115764382,116474388,649524,3528153,42037182,2921180,293669408,61608516,232060892,0.048129334132470974,24.05515976408011,0.3883609208918854,0.957708678150011,0.005340700064178125,0.029010178151277308,0.2097886750260347,0.957708678150011,0.048767399267130696
Natural Resources Defense Council Inc,Environment,132654926,2015,155192637,126749686,134361787,701716,1694613,45465652,4124855,306293488,62607924,243685564,0.18327513179636223,23.070879781114407,0.391247572794776,0.8657742377301058,0.004521580492249771,0.010919416234933877,0.20440501170563574,0.8657742377301058,0.276068823301175
Natural Resources Defense Council Inc,Environment,132654926,2016,129809261,133435489,127497252,1089789,2314441,49151699,2788167,301556189,65029561,236526628,-0.027935048486255536,21.271099295030872,0.389250763715491,0.9821891829428102,0.008395310100409554,0.01782955223818738,0.21564658054489474,0.9821891829428102,-0.16356044004845405
Natural Resources Defense Council Inc,Environment,132654926,2017,177129164,128772908,161593821,9255127,2034434,49499616,2693247,366746425,60522510,306223915,0.2729999674136101,28.536180762493927,0.40530934503707877,0.9122937033677865,0.052250723658358145,0.011485595901079282,0.1650254941135418,0.9122937033677865,0.36453410669982933
Natural Resources Defense Council Inc,Environment,132654926,2018,182319651,149039578,174988334,433577,2598017,54542945,2962415,411463366,62051561,349411805,0.18253694989795696,28.133075229185096,0.38583952512264896,0.9597886626055465,0.0023781144688566785,0.014249791428132999,0.15080701254944773,0.9597886626055465,0.02930340144325405
Natural Resources Defense Council Inc,Environment,132654926,2019,181821968,173044173,173735553,785336,3731068,64530330,2853451,442841915,75364208,367477707,0.048276867182517794,25.483276365509287,0.3894021961664089,0.955525643633997,0.004319258055770246,0.02052044668221829,0.17018309569906,0.955525643633997,-0.0027297276912843227
Natural Resources Defense Council Inc,Environment,132654926,2020,197585835,185007361,187198934,4671787,3054202,76101819,3392003,467259503,80739367,386520136,0.06366080847850251,25.070578851184194,0.42967923854662193,0.947430943113913,0.023644341711034092,0.01545759593545762,0.17279341882106142,0.947430943113913,0.08669946307038101
Natural Resources Defense Council Inc,Environment,132654926,2021,273728385,182068155,267144118,2179933,1629406,79877044,3266891,675576177,130064634,545511543,0.3348583304577638,35.95432993759947,0.4566637971368469,0.9759459838262663,0.00796385438799122,0.005952638050306693,0.19252400902822245,0.9759459838262663,0.3853644164319776
Natural Resources Defense Council Inc,Environment,132654926,2022,186185838,211994021,178965564,3282725,360246,84141413,4152329,602252452,126273148,475979304,-0.13861517759476422,26.942984623137082,0.41649166133793936,0.9612200687358402,0.01763144305314994,0.001934873263561539,0.2096681343191941,0.9612200687358402,-0.31981537829918516
Natural Resources Defense Council Inc,Environment,132654926,2023,193144386,226866168,179336907,5458165,11712366,90077147,5307717,576913705,114390169,462523536,-0.17459364312043738,24.465007193139524,0.4204455201094594,0.9285121390999167,0.028259506336363305,0.06064046821428193,0.19827951391794377,0.9285121390999167,0.03737420673209302
New York Blood Center Inc,Health,131949477,2012,335777000,335455000,13569000,308061000,9329000,81011471,3791529,459496000,79107000,380389000,0.0009589697924515378,13.607392943912,0.2527999284553815,0.04041074880054322,0.9174571218397924,0.02778332047757887,0.17216036701081183,0.9174571218397924,
New York Blood Center Inc,Health,131949477,2013,329290000,327695000,8973000,300205000,14445000,79381056,3746944,459201000,71807000,387394000,0.004843754745057548,14.18614260211477,0.2536749111216222,0.02724953688238331,0.9116736007774302,0.04386710802028607,0.15637378838460717,0.9116736007774302,-0.01931936970072401
New York Blood Center Inc,Health,131949477,2014,320273754,320611013,10720155,298860345,6486096,77743095,5174151,471298905,71108584,400190321,-0.001053033524564114,14.978536785322467,0.25862257576286063,0.03347184983506329,0.9331402940997782,0.02025172502895757,0.15087788926647305,0.9331402940997782,-0.027380867927966235
New York Blood Center Inc,Health,131949477,2015,320265446,321213900,10435452,298430436,6849337,77990595,5509585,480638846,63307002,417331844,-0.0029614621616095294,15.590801419241197,0.25995195102079954,0.03258375866124502,0.9318221485561075,0.021386437673953748,0.13171428511627212,0.9318221485561075,-2.594030855240792e-05
New York Blood Center Inc,Health,131949477,2016,334892050,336026190,14044399,312108036,7865789,79498676,5564754,469404674,67650304,401754370,-0.0033865838260418546,14.347252040086518,0.2531452384708466,0.04193709286320771,0.9319660947460533,0.023487535759657476,0.14411936596950034,0.9319660947460533,0.04567025316867923
New York Blood Center Inc,Health,131949477,2017,346938101,371108793,12829969,319980728,8119718,80929968,5794506,515751776,79945233,435806543,-0.06966860062452467,14.092036121601678,0.23369016211911744,0.03698057077910852,0.9222991855829636,0.023403938560210197,0.15500718896215687,0.9222991855829636,0.035969952108448
New York Blood Center Inc,Health,131949477,2018,352613347,362739061,12883405,321238027,7953196,82544911,6005522,555190471,70934612,484255859,-0.02871619604348102,16.019973950365383,0.2441160672244228,0.03653691815585188,0.9110206114801435,0.022555005554001334,0.1277662634811324,0.9110206114801435,0.016358093803021
New York Blood Center Inc,Health,131949477,2019,391197146,387919716,13590606,346596532,11279981,98315922,6731779,553444220,78703573,474740647,0.008377949669397639,14.685739159491446,0.27079753017761027,0.03474106633692057,0.8859894187469354,0.028834517621966496,0.14220687497648815,0.8859894187469354,0.10942240084859867
New York Blood Center Inc,Health,131949477,2020,483523813,482834961,13809977,437376620,7389858,127129257,7135115,515795702,91488744,424306958,0.0014246495859760273,10.545391090683676,0.27807508329952935,0.028561110391475176,0.9045606612140114,0.015283338278936015,0.1773739944812491,0.9045606612140114,0.23601058428989674
New York Blood Center Inc,Health,131949477,2021,392002693,387704513,12767729,376487315,451718,104814198,9431808,819022618,221102670,597919948,0.010964669571798069,18.5064633900715,0.29467288145805,0.03257051348879381,0.9604202259906414,0.0011523339203182465,0.2699591746805703,0.9604202259906414,-0.18927944713242073
New York Blood Center Inc,Health,131949477,2021,554715818,507094985,24165905,528661629,543995,137667826,7026835,653903495,98848143,555055352,0.08584725990272735,13.13494398687457,0.2853403509798071,0.043564477910741674,0.9530314655638682,0.0009806733147818764,0.1511662558096589,0.9530314655638682,0.4150816509824333
New York Blood Center Inc,Health,131949477,2022,550372782,548147084,16625619,522611703,944434,146656590,10554529,766718159,215065306,551652853,0.004043982683722176,12.076748064940906,0.28680462523449274,0.030207923690528722,0.9495594987471601,0.0017159896544447942,0.28050112479467176,0.9495594987471601,-0.00782929900152951
New York Blood Center Inc,Health,131949477,2023,564818942,599527174,21586173,540724626,2349970,166436417,15380320,784292844,226434295,557858549,-0.061450191236681294,11.16597024841446,0.3032668824449315,0.03821786309709139,0.9573415227281807,0.004160572221035746,0.28871141274878187,0.9573415227281807,0.02624795497245347
Per Scholas Inc,Workforce Development,43252955,2010,5497416,5300049,4499158,0,0,2570002,295339,5476558,3607423,1869135,0.03590177639822054,4.23196464787401,0.5406253791238533,0.8184132326896855,0.0,0.0,0.6587026011593413,0.8184132326896855,
Per Scholas Inc,Workforce Development,43252955,2011,5195842,4750806,4400556,0,289,2306435,272134,5165746,2859210,2306536,0.08565233507870332,5.8260497271410365,0.5427645330076623,0.8469379938804914,0.0,5.5621398803119876e-05,0.5534941129509658,0.8469379938804914,-0.0548574093719667
Per Scholas Inc,Workforce Development,43252955,2012,4962636,4195245,3661964,0,0,2040182,336802,5874705,2800417,3074288,0.15463374706506783,8.793635651791492,0.566590032286553,0.7379070316662354,0.0,0.0,0.4766906593607679,0.7379070316662354,-0.04488319698712928
Per Scholas Inc,Workforce Development,43252955,2013,5746034,5164566,5100771,0,103,2534958,312960,4213663,557774,3655889,0.10119466748717464,8.494550752183242,0.5514341379314351,0.8877028921165451,0.0,1.792540733312751e-05,0.13237271229331818,0.8877028921165451,0.15785925060794304
Per Scholas Inc,Workforce Development,43252955,2014,8021397,6840666,7701783,0,192,3207243,338105,5643561,806941,4836620,0.1471976764147193,8.484472125959666,0.5182752673496995,0.9601548209121179,0.0,2.393598022888033e-05,0.14298436749421153,0.9601548209121179,0.39598843306531073
Per Scholas Inc,Workforce Development,43252955,2015,8588543,8232198,8110395,0,80271,3960709,345312,7678930,2485965,5192965,0.041490739465355184,7.569737754121074,0.5230706307112633,0.9443272275635111,0.0,0.009346288421679906,0.32373846356198066,0.9443272275635111,0.07070414293171123
Per Scholas Inc,Workforce Development,43252955,2016,10600573,10189179,9493541,0,192,3980256,357317,7356287,1751928,5604359,0.03880865685279466,6.600365740949296,0.4257038766322586,0.8955686640712723,0.0,1.8112228461612406e-05,0.23815384038170342,0.8955686640712723,0.23426907218139337
Per Scholas Inc,Workforce Development,43252955,2017,12080240,11859128,7932780,1935854,123,6251659,526488,7571793,1746322,5825471,0.01830360986205572,5.894670501912114,0.5715552610613529,0.6566740395886175,0.16024963080203705,1.0181916915557969e-05,0.23063520093589457,0.6566740395886175,0.13958368099535745
Per Scholas Inc,Workforce Development,43252955,2018,19649031,15854366,11823101,7820863,256,8061935,646837,13832914,4212778,9620136,0.1931222460792087,7.281378012845168,0.5492980293251714,0.6017142015807293,0.39802792310725144,1.302863230252932e-05,0.3045474004971042,0.6017142015807293,0.626543098481487
Per Scholas Inc,Workforce Development,43252955,2019,24005584,22221862,15906716,7937264,21109,12088527,655186,16072174,4665366,11406808,0.07430446182854789,6.159776169971716,0.5734763810521368,0.6626256624292082,0.3306424038673669,0.0008793370742407266,0.29027597635515895,0.6626256624292082,0.2217184654042228
Per Scholas Inc,Workforce Development,43252955,2020,25173315,24806017,20458376,4525540,31851,13698136,690964,23740240,11947322,11792918,0.014590768041475665,5.704866524924175,0.5800649092516545,0.8127009096735969,0.17977528982575397,0.0012652684002881624,0.5032519469053388,0.8127009096735969,0.048644140463318886
Per Scholas Inc,Workforce Development,43252955,2021,45563468,36148424,41350623,4000954,236996,19557854,838514,32971484,11821877,21149607,0.20663580744117194,7.0209225165666975,0.5642394810905172,0.9075389739867914,0.08781056788741366,0.005201447791463108,0.35854852635689677,0.9075389739867914,0.8099907779329023
Per Scholas Inc,Workforce Development,43252955,2022,55750289,55031670,40340105,14470028,351805,31001591,1173490,45767891,24613877,21154014,0.01288996008612619,4.612765122337738,0.5846648120981973,0.723585576390465,0.25955072627515885,0.0063103708753868525,0.537797929120221,0.723585576390465,0.2235743117710003
Per Scholas Inc,Workforce Development,43252955,2023,83282967,62085666,63462473,17819476,610871,37390846,754324,63914314,22134489,41779825,0.2545214437425122,8.075260076939498,0.6143957608508218,0.7620102319361413,0.21396303039972148,0.007334885175260386,0.3463150523683943,0.7620102319361413,0.4938571349827443
Pro Publica Inc,Journalism,142007220,2011,10142780,9651650,10115367,0,83,4522408,1552988,3591151,252318,3338833,0.04842163588286446,4.151206892085809,0.6294670859386737,0.9972972893033271,0.0,8.183160829673915e-06,0.0702610388702675,0.9972972893033271,
Pro Publica Inc,Journalism,142007220,2012,10955982,9884450,10920019,0,50,0,0,4529443,119078,4410365,0.09780337353602808,5.354307017588233,0.0,0.9967175009962594,0.0,4.56371688087841e-06,0.026289766754985105,0.9967175009962594,0.0801754548555722
Pro Publica Inc,Journalism,142007220,2013,13765467,10332809,13678241,0,103,5360565,1338618,7938469,95446,7843023,0.24936734801659835,9.108488892033135,0.6483409303317229,0.9936634187565159,0.0,7.482492239456896e-06,0.012023225133208935,0.9936634187565159,0.25643388242149356
Pro Publica Inc,Journalism,142007220,2014,10324275,11486452,10169976,0,4176,6000803,1343765,6865118,184272,6680846,-0.11256741998832848,6.979540070336776,0.6394113691503694,0.9850547374997276,0.0,0.0004044836078078122,0.026841781889255217,0.9850547374997276,-0.24998730518913748
Pro Publica Inc,Journalism,142007220,2015,17046930,12461149,16882164,60000,3919,6628192,1272433,11552064,285437,11266627,0.26900919989699024,10.84968360461784,0.6340205867051265,0.9903345646400847,0.0035196953351717877,0.00022989476697563726,0.02470874468839508,0.9903345646400847,0.6511503229040296
Pro Publica Inc,Journalism,142007220,2016,14545521,13766881,13765153,340000,2208,7173056,1281333,12429526,384259,12045267,0.05353125542907676,10.499342879480109,0.6141107052497948,0.9463499451136883,0.023374893205956666,0.0001517993064669186,0.030915016389201005,0.9463499451136883,-0.1467366264776121
Pro Publica Inc,Journalism,142007220,2017,43574038,18290801,43063123,110000,52985,9839291,1198715,38070942,746162,37324780,0.5802362636210121,24.4875749290586,0.6034730791724211,0.9882747841730894,0.0025244389790085556,0.0012159763572978937,0.01959925236417843,0.9882747841730894,1.9957014258891106
Pro Publica Inc,Journalism,142007220,2018,26685933,24104461,25576127,302000,288025,12893421,1205372,40988939,1094094,39894845,0.09673530994775412,19.86097677106325,0.5849038897820615,0.9584123215778141,0.011316823736310813,0.010793139591559343,0.026692420606447022,0.9584123215778141,-0.38757264130535707
Pro Publica Inc,Journalism,142007220,2019,39246884,28630586,37366751,620950,515219,15804374,1229154,51252809,748489,50504320,0.27050040456714985,21.167985873568917,0.5949416473697046,0.9520947191629276,0.015821638222285366,0.013127640910294941,0.014603862980466105,0.9520947191629276,0.470695590819328
Pro Publica Inc,Journalism,142007220,2020,37513092,30208192,36816824,77000,146204,17660400,1260183,58666359,883526,57782833,0.19472934942286282,22.953839673688513,0.6263394710944634,0.9814393332333149,0.002052616723782726,0.0038974126686224637,0.01506018125310964,0.9814393332333149,-0.04417655169770929
Pro Publica Inc,Journalism,142007220,2021,36005300,34153121,35406294,5250,161125,20541534,1796272,60782681,855582,59927099,0.051441843284183164,21.055914275008718,0.6540487471115743,0.9833633937225909,0.00014581186658630811,0.0044750356197559805,0.01407608196815142,0.9833633937225909,-0.04019375422319227
Pro Publica Inc,Journalism,142007220,2022,44530761,40322509,43284166,194838,607791,23199627,1893290,63355096,5640618,57714478,0.09450213527678092,17.175859170866573,0.6223054473123187,0.9720059803154947,0.004375357519715416,0.013648789878080008,0.08903179627413081,0.9720059803154947,0.23678350131786163
Pro Publica Inc,Journalism,142007220,2023,57970562,44080009,55857720,348503,1254618,25080339,2232164,85514123,10080757,75433366,0.23961390955637105,20.53539489976057,0.6196120105147891,0.9635531910144325,0.006011723674509141,0.02164232942920236,0.11788411839293493,0.9635531910144325,0.30180937172845534
Robin Hood Foundation,Human Services,133441066,2011,143091095,136609009,164898420,0,1297176,7248646,3009536,397861862,71864274,325997588,0.04530041509571228,28.636259677427276,0.07509154831801759,1.152401692082935,0.0,0.00906538593474318,0.1806261943247026,1.152401692082935,
Robin Hood Foundation,Human Services,133441066,2012,217071705,157088014,228080396,0,1679738,9106151,3206434,482065583,84429368,397636215,0.2763312288904719,30.375548448909665,0.07838016845766475,1.0507145369314717,0.0,0.007738171126448747,0.1751408334828168,1.0507145369314717,0.5170175684238072
Robin Hood Foundation,Human Services,133441066,2013,171875574,209672931,176957636,0,1421863,9734905,3169178,447689231,78106067,369583164,-0.21991116084941773,21.151981549778593,0.06154386710032684,1.0295682619800297,0.0,0.008272629826970062,0.17446492252122098,1.0295682619800297,-0.2082083014918964
Robin Hood Foundation,Human Services,133441066,2014,142420271,158549860,150751968,0,1259953,9222410,3547594,446826179,84945965,361880214,-0.11325346375727652,27.38925514030728,0.08054251198960377,1.0585007804120805,0.0,0.008846725196864708,0.1901096421657962,1.0585007804120805,-0.17137573603099643
Robin Hood Foundation,Human Services,133441066,2015,184960470,157218464,195718658,0,1267465,9818712,2726271,462935695,71817155,391118540,0.14998883815552588,29.852870716253786,0.07979331867788761,1.058164795969647,0.0,0.006852626401738707,0.1551341920177488,1.058164795969647,0.298694832563547
Robin Hood Foundation,Human Services,133441066,2016,171693929,209989218,169003002,0,799406,12153262,3808343,431285963,84340049,346945914,-0.2230439318562044,19.826498749092917,0.07601154550706503,0.984327186082392,0.0,0.004655994563442019,0.19555482031767402,0.984327186082392,-0.0717263586105723
Robin Hood Foundation,Human Services,133441066,2017,120901422,142028716,129301900,0,863192,9092054,4893662,410831803,76426105,334405698,-0.174748101804791,28.253922791219207,0.0984710444048512,1.069482044636332,0.0,0.007139634800986874,0.18602772336979959,1.069482044636332,-0.2958317006071892
Robin Hood Foundation,Human Services,133441066,2018,133002438,198766366,139544245,0,2117464,11175541,3409885,345370943,75578590,269792353,-0.4944565602624517,16.28800838467812,0.07337974876493944,1.0491856171839498,0.0,0.015920490119136013,0.21883308810955762,1.0491856171839498,0.10008993938880217
Robin Hood Foundation,Human Services,133441066,2019,152347348,140010455,156950210,0,3605431,11695188,4249821,365604454,68418149,297186305,0.08097871844805596,25.471209703589636,0.11388441670302407,1.030212944697928,0.0,0.023665859940010244,0.18713707738363602,1.030212944697928,0.1454477849496263
Robin Hood Foundation,Human Services,133441066,2020,201015663,202613361,201641662,0,1199179,12401703,4457022,394439040,79321114,315117926,-0.0079481269079017,18.663207072508904,0.08320638341318468,1.0031141802119172,0.0,0.005965599805026139,0.20109853730502944,1.0031141802119172,0.31945626647862624
Robin Hood Foundation,Human Services,133441066,2021,139766138,205099666,146804067,0,132155,12562405,4553982,351881499,95712591,256168908,-0.46744890382533144,14.987966367531774,0.08345399743361845,1.0503550366398475,0.0,0.0009455437625385342,0.27200233962854636,1.0503550366398475,-0.3047002610935845
Robin Hood Foundation,Human Services,133441066,2022,129325423,164639849,140856197,0,232634,13931924,4122079,320333864,101436533,218897331,-0.27306638695471347,15.954630594929665,0.10965755319661402,1.0891609223655894,0.0,0.001798826515340298,0.316658787595432,1.0891609223655894,-0.07470132000070007
Robin Hood Foundation,Human Services,133441066,2023,134455897,150625376,143441558,0,2469973,14430259,3668421,308801119,95661634,213139485,-0.12025860792107913,16.9803647162348,0.12015691167469683,1.0668298021915692,0.0,0.018370135152941638,0.30978396163130484,1.0668298021915692,0.03967103977691999
Sierra Club Foundation,Environment,946069890,2011,47163599,52044136,45000463,0,1695879,333093,284058,101873803,19251414,82622389,-0.10348101297358583,19.0505356453607,0.011858223566243851,0.9541354763872028,0.0,0.035957370428834325,0.18897315534593323,0.9541354763872028,
Sierra Club Foundation,Environment,946069890,2012,47618045,56641344,45661181,0,1474482,369734,289626,98974748,19351687,79623061,-0.1894932687807742,16.868892305945284,0.01164096671152436,0.9589049907445801,0.0,0.030964773963315796,0.19552145765503742,0.9589049907445801,0.009635524210101165
Sierra Club Foundation,Environment,946069890,2013,58503816,57443349,55361340,0,1080580,379424,304070,106287022,20431886,85855136,0.01812645862280163,17.935264045973366,0.011898575063929507,0.9462859653462605,0.0,0.018470248162957437,0.19223312136828896,0.9462859653462605,0.22860600429942046
Sierra Club Foundation,Environment,946069890,2014,62137742,59473151,58370413,0,1003018,387325,326451,108668865,19585356,89083509,0.04288200559331557,17.974532877869542,0.012001650963474258,0.9393713244359604,0.0,0.016141848218430597,0.18022969136559952,0.9393713244359604,0.062114341396123596
Sierra Club Foundation,Environment,946069890,2015,90844476,63424535,87863343,0,1153324,452252,357190,131703574,18474563,113229011,0.3018338836584846,21.42306809186697,0.012762285131455832,0.9671842127197695,0.0,0.012695587566601187,0.14027381671510297,0.9671842127197695,0.46198547092361353
Sierra Club Foundation,Environment,946069890,2016,75709930,65240241,71884506,0,1033190,433089,365530,143985321,18698533,125286788,0.1382868667293709,23.04469500656811,0.012241202481149632,0.9494726253214076,0.0,0.013646690731321506,0.1298641616390882,0.9494726253214076,-0.16659841815808374
Sierra Club Foundation,Environment,946069890,2017,71524157,72890348,68508314,0,1236333,500392,439189,158248704,22869368,135379336,-0.0191011129288808,22.287615254628772,0.012890334945307162,0.9578346236223378,0.0,0.017285530537605637,0.14451535729480602,0.9578346236223378,-0.05528697490540546
Sierra Club Foundation,Environment,946069890,2018,105160363,84933888,100689985,0,1792310,381648,641298,173105225,25655679,147449546,0.19233934177271717,20.83260985297176,0.012044026525666645,0.9574898956938747,0.0,0.017043588942347032,0.14820857660420128,0.9574898956938747,0.4702775595104183
Sierra Club Foundation,Environment,946069890,2019,120488815,93907405,115812118,0,1739560,263629,780709,222847989,31371703,191476286,0.2206130917629159,24.46788335808023,0.011120933434376128,0.9611856337038421,0.0,0.014437522686234402,0.14077624456373264,0.9611856337038421,0.14576263872348938
Sierra Club Foundation,Environment,946069890,2020,95601203,94298604,92385175,0,1650919,291136,925094,244757583,30191067,214566516,0.013625341095341656,27.304732867519437,0.012897645865467955,0.9663599630644816,0.0,0.017268809891440383,0.12335089532241376,0.9663599630644816,-0.20655537196543927
Sierra Club Foundation,Environment,946069890,2021,108646694,99059202,100459492,0,3684006,292806,1058292,273113077,39198961,233914116,0.08824467314210223,28.336281085728917,0.013639298245103973,0.9246438000221158,0.0,0.033908127936226024,0.1435264888469621,0.9246438000221158,0.13645739374221044
Sierra Club Foundation,Environment,946069890,2022,87746859,113448406,83355015,0,2157242,260735,1363927,207976050,31031726,176944324,-0.292905607025774,18.716277847041763,0.014320712447912226,0.9499487041467775,0.0,0.024584834426950825,0.14920817084467178,0.9499487041467775,-0.19236512617677992
Sierra Club Foundation,Environment,946069890,2023,89068739,113468024,85543074,0,2459625,516271,1401675,199302924,31767255,167535669,-0.27393769434638565,17.718013913770104,0.016902964662537878,0.9604163588753626,0.0,0.02761490762769191,0.15939181604781674,0.9604163588753626,0.015064698783121111
Texas Tribune Inc,Journalism,264527097,2011,3603818,3942128,2163577,1428141,1013,1950313,532569,2473679,109732,2363947,-0.09387543988070429,7.195952034028322,0.6298329227259998,0.6003568992662781,0.39628555049117353,0.00028109077650425186,0.04435983811965902,0.6003568992662781,
Texas Tribune Inc,Journalism,264527097,2012,4014828,4232893,3502370,447096,607,2197469,474555,2258751,127419,2131332,-0.05431490464846813,6.042199507523578,0.6312524318474386,0.8723586664235679,0.11136118409057623,0.0001511895403738342,0.05641126445544462,0.8723586664235679,0.11404848968510617
Texas Tribune Inc,Journalism,264527097,2013,6734816,4807489,5601892,1099572,783,2524279,524274,4116281,153122,3963159,0.2861736682932392,9.892463196483654,0.6341258399135182,0.8317810018863173,0.1632668212464899,0.00011626152815459249,0.0371991124998512,0.8317810018863173,0.6774855610252792
Texas Tribune Inc,Journalism,264527097,2014,5779907,5914315,3736666,2031435,2586,3274189,539804,4192674,363923,3828751,-0.023254353400495892,7.768441822933003,0.644874850257384,0.6464924089609054,0.35146499762020394,0.0004474120431349501,0.08679973687436705,0.6464924089609054,-0.14178694711184392
Texas Tribune Inc,Journalism,264527097,2015,6563558,6517093,6062062,429641,2705,3756145,558948,4179103,303887,3875216,0.007079239644107662,7.135480804094708,0.6621192915307484,0.9235938800266563,0.06545855159655785,0.00041212403394622245,0.07271584356738754,0.9235938800266563,0.13558193929417905
Texas Tribune Inc,Journalism,264527097,2016,6921260,6895207,6251581,697597,2450,3993807,557612,4228771,327502,3901269,0.003764199004227554,6.789531916880812,0.660084461568739,0.9032431956031127,0.10079046300818059,0.00035398178944296267,0.0774461421533585,0.9032431956031127,0.054498185283043066
Texas Tribune Inc,Journalism,264527097,2017,7011641,7830758,6492792,542887,1825,4447244,565466,3522668,413244,3109424,-0.11682243857037176,4.7649394860625245,0.640130878773166,0.9260017733366555,0.07742652540254129,0.00026028143768341816,0.11730994802802876,0.9260017733366555,0.01305846045373249
Texas Tribune Inc,Journalism,264527097,2018,10961752,9372911,10548817,478248,2292,4893411,595782,5665355,967090,4698265,0.14494407463332504,6.015119529034257,0.5856444171933352,0.9623294706904517,0.04362879218577468,0.00020909066360924787,0.17070245377385884,0.9623294706904517,0.5633646959392244
Texas Tribune Inc,Journalism,264527097,2019,15335903,10025527,14703798,668990,3098,5291702,593512,11059308,1050667,10008641,0.34627083908916223,11.979788394166212,0.5870229066262551,0.9587826683567312,0.043622472051368606,0.00020200962408278142,0.09500296040222408,0.9587826683567312,0.39903758085386354
Texas Tribune Inc,Journalism,264527097,2020,12467958,10739360,11700733,716285,39690,5928509,778852,12456170,718931,11737239,0.1386432325165035,13.115015047451617,0.6245587260320913,0.9384642617499995,0.05745006519912884,0.003183360097940657,0.057716858392266646,0.9384642617499995,-0.1870085511104237
Texas Tribune Inc,Journalism,264527097,2021,10185850,11737359,9310113,696057,32084,7125997,817557,11022955,837225,10185730,-0.15232003220153448,10.413650975487757,0.6767752439028235,0.9140241609684022,0.06833568136188929,0.0031498598546022176,0.0759528638191846,0.9140241609684022,-0.1830378318566681
Texas Tribune Inc,Journalism,264527097,2022,15387697,14978164,13197536,1559060,58343,9042087,566251,13437847,2842584,10595263,0.02661431401983026,8.488567490648387,0.6414897046126615,0.8576680448022859,0.10131860537675001,0.0037915355364743666,0.21153567234394022,0.8576680448022859,0.5106934620085708
Texas Tribune Inc,Journalism,264527097,2023,15082016,15702362,13487481,1228839,169308,9868484,564006,12592886,2617969,9974917,-0.04113150390504824,7.6229935343485264,0.6643898542142895,0.8942757387341321,0.08147710491753887,0.011225820208651151,0.2078926943355161,0.8942757387341321,-0.01986528588391101
The Center For Investigative Reporting,Journalism,942282759,2011,9747036,10104860,4236141,5024000,173,3380873,707518,1540424,3087292,-1546868,-0.036711057597407046,-1.8369790378095294,0.40459650108957473,0.4346081208687441,0.515438744660428,1.7748985435162033e-05,2.00418326382866,0.515438744660428,
The Center For Investigative Reporting,Journalism,942282759,2012,11755037,11242941,5184690,5728070,203,4026603,858860,1879168,2913940,-1034772,0.04356396326102589,-1.1044498054379188,0.4345360346549893,0.44106113830181903,0.4872864287879315,1.7269192772425982e-05,1.550654332129964,0.4872864287879315,0.2060114479930104
The Center For Investigative Reporting,Journalism,942282759,2013,6459959,6568778,2821111,3238271,0,2314481,392968,1977249,3120840,-1143591,-0.01684515335159248,-2.0891392584739505,0.41216935630949925,0.4367072608355564,0.5012835220780812,0.0,1.5783748025665962,0.5012835220780812,-0.45045183609375283
The Center For Investigative Reporting,Journalism,942282759,2014,13536283,13480388,6259779,6263435,1168,4792151,1067045,2566685,3654381,-1087696,0.00412927241547772,-0.9682475014814113,0.4346459463926409,0.4624444539169283,0.46271454283277025,8.628661206329685e-05,1.423774635375981,0.46271454283277025,1.0954131442629897
The Center For Investigative Reporting,Journalism,942282759,2015,13573515,14315778,8713127,4523094,3047,5276794,1028746,2044263,3874222,-1829959,-0.054684656111552536,-1.5339374499939857,0.4404608677223131,0.6419211972727772,0.3332293808936005,0.0002244812784308265,1.895168087472111,0.6419211972727772,0.0027505335105655337
The Center For Investigative Reporting,Journalism,942282759,2016,13187330,14049882,8830782,4266769,18524,5482207,910998,1437737,4130248,-2692511,-0.06540762989930486,-2.2996728371099486,0.455036205998029,0.6696413906378319,0.3235506353446831,0.0014046816148530446,2.8727423722141117,0.6696413906378319,-0.028451362819431836
The Center For Investigative Reporting,Journalism,942282759,2017,16538000,13687855,11565250,4769598,61,5517240,1096456,3798775,3641141,157634,0.17233915830209215,0.13819608696906857,0.4831798700380739,0.699313701777724,0.2884023461119845,3.6884750272100617e-06,0.9585039914182861,0.699313701777724,0.2540825170826846
The Center For Investigative Reporting,Journalism,942282759,2018,16840634,16217905,11542974,4891556,9330,7049266,895573,4264299,3483936,780363,0.03697776461385005,0.5774084877177417,0.48988072133854527,0.6854239573165714,0.29046151112838153,0.0005540171468603855,0.8170008716555758,0.6854239573165714,0.018299310678437486
The Center For Investigative Reporting,Journalism,942282759,2019,16863854,16750183,12510337,4023640,18276,7390795,1164263,4126308,3232274,894034,0.006740511391998531,0.6404949725026885,0.5107441512728548,0.7418432939469234,0.23859551915001162,0.0010837380352083218,0.7833331879248956,0.7418432939469234,0.0013788079474916781
The Center For Investigative Reporting,Journalism,942282759,2020,16529073,17418736,12299817,3934045,19582,7865700,1266183,4994170,4989799,4371,-0.05382413157713079,0.003011240310433547,0.5242563524701218,0.7441322934444055,0.23800760030523188,0.001184700436618557,0.9991247794928887,0.7441322934444055,-0.019851986384606946
The Center For Investigative Reporting,Journalism,942282759,2021,16803560,17056959,12249583,3999833,22669,7473435,1368490,5042317,5291345,-249028,-0.015080078269128685,-0.17519746632444858,0.5183763999198215,0.728987369343163,0.23803485689937132,0.0013490593659914922,1.0493876128771753,0.728987369343163,0.01660631542978841
The Center For Investigative Reporting,Journalism,942282759,2022,21461748,17478934,17760604,3876064,31483,7283464,1339972,7743885,4010099,3733786,0.18557733508006896,2.563396143037098,0.49336166610618243,0.8275469453839455,0.18060336930617207,0.0014669354984505455,0.517840722066508,0.8275469453839455,0.27721435219679647
The Center For Investigative Reporting,Journalism,942282759,2023,16230056,17776493,14248985,1839315,82335,7145335,1513542,12152289,9624853,2527436,-0.09528229600686529,1.7061426007930809,0.487097033143714,0.8779381291105834,0.11332770509232994,0.005072995435135898,0.7920197585821075,0.8779381291105834,-0.24376821496552847
Year Up Inc,Workforce Development,43534407,2011,46444194,39849295,28143755,18261758,119290,15953914,598082,49421976,8297279,41124697,0.14199619870677485,12.384067622777266,0.4153648389513541,0.6059692843415476,0.3931978666698361,0.0025684588260913733,0.1678864276895768,0.6059692843415476,
Year Up Inc,Workforce Development,43534407,2012,51494313,45855151,29474559,21942374,120778,19226901,639847,54904292,9083877,45820415,0.10951038418553133,11.990909810764771,0.4332500835075213,0.5723847408159422,0.4261125689743642,0.0023454628863579558,0.16544930585754572,0.5723847408159422,0.10873520595491448
Year Up Inc,Workforce Development,43534407,2013,69905296,57105742,39813537,29301728,128735,23416223,729501,66228767,8814908,57413859,0.183098487988664,12.064746623903426,0.4228248010506544,0.5695353467926092,0.41916320617539476,0.0018415629053340967,0.13309787271141557,0.5695353467926092,0.3575342970397528
Year Up Inc,Workforce Development,43534407,2014,69704174,70108017,34206015,34630503,268626,28786038,956192,69399974,13706389,55693585,-0.0057936702614107445,9.532761709691489,0.42423436395298414,0.49073122938089764,0.4968210798968796,0.0038538007781284377,0.19749847456715186,0.4968210798968796,-0.0028770638493541556
Year Up Inc,Workforce Development,43534407,2015,113865399,86281622,67235904,41676771,372332,34886521,1845838,102056342,19677167,82379175,0.2422489820634625,11.457249841687027,0.4257263383388875,0.5904858244074656,0.3660178716802283,0.0032699310174111804,0.19280690072156417,0.5904858244074656,0.6335520882867072
Year Up Inc,Workforce Development,43534407,2016,105707650,106815567,58976197,46289908,209224,44991829,2644131,105047858,20881646,84166212,-0.010480953838251063,9.455499534070722,0.44596458491860086,0.5579179652560624,0.4379049955230298,0.001979270185270413,0.19878221600672713,0.5579179652560624,-0.07164379233414009
Year Up Inc,Workforce Development,43534407,2017,134230431,126205361,76531725,56719019,211924,55251687,2789739,113262495,21594576,91667919,0.05978577242294633,8.716072116777987,0.45989667586308003,0.5701518234713856,0.4225496303442548,0.0015788074166282011,0.1906595470989757,0.5701518234713856,0.26982702765599265
Year Up Inc,Workforce Development,43534407,2018,152889559,148353482,81652780,69687369,273004,63196536,2964534,118365743,24012831,94352912,0.029668978245924564,7.632007882363018,0.44596910775575865,0.5340638074572509,0.45580201457707126,0.0017856288015063212,0.20286976950755084,0.5340638074572509,0.13900818064124376
Year Up Inc,Workforce Development,43534407,2019,172748336,170510874,88508547,82341849,358454,73464127,3742120,123186526,26231187,96955339,0.012952147915335057,6.823400999047134,0.45279368516989715,0.5123554243671558,0.47665784172879094,0.0020750069627298753,0.21293876734538322,0.5123554243671558,0.12988968723495375
Year Up Inc,Workforce Development,43534407,2020,166410997,154317141,78001391,87568731,317965,70715029,3372654,131507718,21680604,109827114,0.07267462017549237,8.540369264617208,0.480100152970045,0.4687273822414513,0.5262196163634546,0.0019107210805305132,0.1648618372345264,0.5262196163634546,-0.036685383759644474
Year Up Inc,Workforce Development,43534407,2021,191697444,140469714,113566128,75624416,927404,65532397,4156375,187196556,24782786,162413770,0.26723220159367383,13.8746295162244,0.49611243602304195,0.5924237988274899,0.39449882284293786,0.00483785271544883,0.13238911297064673,0.5924237988274899,0.15195177876375565
Year Up Inc,Workforce Development,43534407,2022,179315305,162709291,96779890,81631764,1019120,76246060,4187184,226416191,49954096,176462095,0.09260790092624832,13.014285336662182,0.49433713038550453,0.5397190719442493,0.45524147534422676,0.005683396629194591,0.22062952202919092,0.5397190719442493,-0.06459209231814278
Year Up Inc,Workforce Development,43534407,2023,186161400,194225512,90339141,93521600,1826153,84230019,4540264,216203290,44424922,171778368,-0.04331785214335517,10.61312901056994,0.4570474912688092,0.4852732145331954,0.5023683749692471,0.009809514754401288,0.20547754846838825,0.5023683749692471,0.03817908906325651
